/global/scratch/users/erinvoss/Peromyscus-RNA/01-FastP_Preproc/11-PEMA-194-TE/11-PEMA-194-TE_R1_cleaned.fastq.gz	/global/scratch/users/erinvoss/Peromyscus-RNA/01-FastP_Preproc/11-PEMA-194-TE/11-PEMA-194-TE_R2_cleaned.fastq.gz
/global/scratch/users/erinvoss/Peromyscus-RNA/01-FastP_Preproc/12-PEMA-195-TE/12-PEMA-195-TE_R1_cleaned.fastq.gz	/global/scratch/users/erinvoss/Peromyscus-RNA/01-FastP_Preproc/12-PEMA-195-TE/12-PEMA-195-TE_R2_cleaned.fastq.gz
/global/scratch/users/erinvoss/Peromyscus-RNA/01-FastP_Preproc/13-PEMA-198-TE/13-PEMA-198-TE_R1_cleaned.fastq.gz	/global/scratch/users/erinvoss/Peromyscus-RNA/01-FastP_Preproc/13-PEMA-198-TE/13-PEMA-198-TE_R2_cleaned.fastq.gz
/global/scratch/users/erinvoss/Peromyscus-RNA/01-FastP_Preproc/14-PEMA-203-TE/14-PEMA-203-TE_R1_cleaned.fastq.gz	/global/scratch/users/erinvoss/Peromyscus-RNA/01-FastP_Preproc/14-PEMA-203-TE/14-PEMA-203-TE_R2_cleaned.fastq.gz
/global/scratch/users/erinvoss/Peromyscus-RNA/01-FastP_Preproc/15-PEMA-207-TE/15-PEMA-207-TE_R1_cleaned.fastq.gz	/global/scratch/users/erinvoss/Peromyscus-RNA/01-FastP_Preproc/15-PEMA-207-TE/15-PEMA-207-TE_R2_cleaned.fastq.gz
/global/scratch/users/erinvoss/Peromyscus-RNA/01-FastP_Preproc/26-PEMA-194-SV/26-PEMA-194-SV_R1_cleaned.fastq.gz	/global/scratch/users/erinvoss/Peromyscus-RNA/01-FastP_Preproc/26-PEMA-194-SV/26-PEMA-194-SV_R2_cleaned.fastq.gz
/global/scratch/users/erinvoss/Peromyscus-RNA/01-FastP_Preproc/27-PEMA-195-SV/27-PEMA-195-SV_R1_cleaned.fastq.gz	/global/scratch/users/erinvoss/Peromyscus-RNA/01-FastP_Preproc/27-PEMA-195-SV/27-PEMA-195-SV_R2_cleaned.fastq.gz
/global/scratch/users/erinvoss/Peromyscus-RNA/01-FastP_Preproc/28-PEMA-198-SV/28-PEMA-198-SV_R1_cleaned.fastq.gz	/global/scratch/users/erinvoss/Peromyscus-RNA/01-FastP_Preproc/28-PEMA-198-SV/28-PEMA-198-SV_R2_cleaned.fastq.gz
/global/scratch/users/erinvoss/Peromyscus-RNA/01-FastP_Preproc/29-PEMA-203-SV/29-PEMA-203-SV_R1_cleaned.fastq.gz	/global/scratch/users/erinvoss/Peromyscus-RNA/01-FastP_Preproc/29-PEMA-203-SV/29-PEMA-203-SV_R2_cleaned.fastq.gz
/global/scratch/users/erinvoss/Peromyscus-RNA/01-FastP_Preproc/30-PEMA-207-SV/30-PEMA-207-SV_R1_cleaned.fastq.gz	/global/scratch/users/erinvoss/Peromyscus-RNA/01-FastP_Preproc/30-PEMA-207-SV/30-PEMA-207-SV_R2_cleaned.fastq.gz
/global/scratch/users/erinvoss/Peromyscus-RNA/01-FastP_Preproc/41-PEMA-194-EP/41-PEMA-194-EP_R1_cleaned.fastq.gz	/global/scratch/users/erinvoss/Peromyscus-RNA/01-FastP_Preproc/41-PEMA-194-EP/41-PEMA-194-EP_R2_cleaned.fastq.gz
/global/scratch/users/erinvoss/Peromyscus-RNA/01-FastP_Preproc/42-PEMA-198-EP/42-PEMA-198-EP_R1_cleaned.fastq.gz	/global/scratch/users/erinvoss/Peromyscus-RNA/01-FastP_Preproc/42-PEMA-198-EP/42-PEMA-198-EP_R2_cleaned.fastq.gz
/global/scratch/users/erinvoss/Peromyscus-RNA/01-FastP_Preproc/43-PEMA-201-EP/43-PEMA-201-EP_R1_cleaned.fastq.gz	/global/scratch/users/erinvoss/Peromyscus-RNA/01-FastP_Preproc/43-PEMA-201-EP/43-PEMA-201-EP_R2_cleaned.fastq.gz
/global/scratch/users/erinvoss/Peromyscus-RNA/01-FastP_Preproc/44-PEMA-206-EP/44-PEMA-206-EP_R1_cleaned.fastq.gz	/global/scratch/users/erinvoss/Peromyscus-RNA/01-FastP_Preproc/44-PEMA-206-EP/44-PEMA-206-EP_R2_cleaned.fastq.gz
/global/scratch/users/erinvoss/Peromyscus-RNA/01-FastP_Preproc/45-PEMA-207-EP/45-PEMA-207-EP_R1_cleaned.fastq.gz	/global/scratch/users/erinvoss/Peromyscus-RNA/01-FastP_Preproc/45-PEMA-207-EP/45-PEMA-207-EP_R2_cleaned.fastq.gz
/global/scratch/users/erinvoss/Peromyscus-RNA/01-FastP_Preproc/56-PEMA-194-LV/56-PEMA-194-LV_R1_cleaned.fastq.gz	/global/scratch/users/erinvoss/Peromyscus-RNA/01-FastP_Preproc/56-PEMA-194-LV/56-PEMA-194-LV_R2_cleaned.fastq.gz
/global/scratch/users/erinvoss/Peromyscus-RNA/01-FastP_Preproc/57-PEMA-195-LV/57-PEMA-195-LV_R1_cleaned.fastq.gz	/global/scratch/users/erinvoss/Peromyscus-RNA/01-FastP_Preproc/57-PEMA-195-LV/57-PEMA-195-LV_R2_cleaned.fastq.gz
/global/scratch/users/erinvoss/Peromyscus-RNA/01-FastP_Preproc/58-PEMA-198-LV/58-PEMA-198-LV_R1_cleaned.fastq.gz	/global/scratch/users/erinvoss/Peromyscus-RNA/01-FastP_Preproc/58-PEMA-198-LV/58-PEMA-198-LV_R2_cleaned.fastq.gz
/global/scratch/users/erinvoss/Peromyscus-RNA/01-FastP_Preproc/59-PEMA-201-LV/59-PEMA-201-LV_R1_cleaned.fastq.gz	/global/scratch/users/erinvoss/Peromyscus-RNA/01-FastP_Preproc/59-PEMA-201-LV/59-PEMA-201-LV_R2_cleaned.fastq.gz
/global/scratch/users/erinvoss/Peromyscus-RNA/01-FastP_Preproc/60-PEMA-207-LV/60-PEMA-207-LV_R1_cleaned.fastq.gz	/global/scratch/users/erinvoss/Peromyscus-RNA/01-FastP_Preproc/60-PEMA-207-LV/60-PEMA-207-LV_R2_cleaned.fastq.gz
